https://novemberde.github.io/javascript/2019/10/11/Svelte-revealjs.html, https://novemberde.github.io/post/2019/10/11/Svelte-revealjs/
https://novemberde.github.io/aws/2018/01/29/Mysql_maxConnection.html, https://novemberde.github.io/post/2018/01/29/Mysql_maxConnection/
https://novemberde.github.io/aws/2018/02/02/Lambda_coldStart.html, https://novemberde.github.io/post/2018/02/02/Lambda_coldStart/
https://novemberde.github.io/aws/2017/09/25/ALB_to_elasticbeanstalk.html, https://novemberde.github.io/post/2017/09/25/ALB_to_elasticbeanstalk/
https://novemberde.github.io/nodejs/2017/07/01/Sequelize_0.html, https://novemberde.github.io/post/2017/07/01/Sequelize_0/
https://novemberde.github.io/aws/2018/01/20/ECS_Fargate.html, https://novemberde.github.io/post/2018/01/20/ECS_Fargate/
https://novemberde.github.io/aws/2018/06/20/AWS-config-switching.html, https://novemberde.github.io/post/2018/06/20/AWS-config-switching/
https://novemberde.github.io/node/2017/12/31/Node-crawler.html, https://novemberde.github.io/post/2017/12/31/Node-crawler/
https://novemberde.github.io/2017/04/01/Docker_3.html, https://novemberde.github.io/post/2017/04/01/Docker_3/
https://novemberde.github.io/2017/04/01/Docker_4.html, https://novemberde.github.io/post/2017/04/01/Docker_4/
https://novemberde.github.io/2017/04/01/Docker_5.html, https://novemberde.github.io/post/2017/04/01/Docker_5/
https://novemberde.github.io/2017/04/02/Docker_6.html, https://novemberde.github.io/post/2017/04/02/Docker_6/
https://novemberde.github.io/2017/04/02/Docker_7.html, https://novemberde.github.io/post/2017/04/02/Docker_7/
https://novemberde.github.io/2017/04/02/Docker_8.html, https://novemberde.github.io/post/2017/04/02/Docker_8/
https://novemberde.github.io/2017/04/03/Docker_9.html, https://novemberde.github.io/post/2017/04/03/Docker_9/
https://novemberde.github.io/aws/2017/11/06/Instance_metadata.html, https://novemberde.github.io/post/2017/11/06/Instance_metadata/
https://novemberde.github.io/aws/2017/10/20/CodeCommit.html, https://novemberde.github.io/post/2017/10/20/CodeCommit/
https://novemberde.github.io/golang/2021/04/05/Golang-HACKING.html, https://novemberde.github.io/post/2021/04/05/Golang-HACKING/
https://novemberde.github.io/android/2017/12/19/Android-Webview.html, https://novemberde.github.io/post/2017/12/19/Android-Webview/
https://novemberde.github.io/2017/04/09/Docker_Registry_0.html, https://novemberde.github.io/post/2017/04/09/Docker_Registry_0/
https://novemberde.github.io/2017/04/15/String_0.html, https://novemberde.github.io/post/2017/04/15/String_0/
https://novemberde.github.io/serverless/2019/12/22/Go-serverless.html, https://novemberde.github.io/post/2019/12/22/Go-serverless/
https://novemberde.github.io/docker/2021/09/02/podman-minikube.html, https://novemberde.github.io/post/2021/09/02/podman-minikube/
https://novemberde.github.io/etc/2021/08/31/Jandi-monthly.html, https://novemberde.github.io/post/2021/08/31/Jandi-monthly/
https://novemberde.github.io/node/2017/10/22/Express-Typescript.html, https://novemberde.github.io/post/2017/10/22/Express-Typescript/
